-- MySQL dump 10.13  Distrib 8.0.12, for Win64 (x86_64)
--
-- Host: localhost    Database: bdescuela2
-- ------------------------------------------------------
-- Server version	8.0.12

/*!40101 SET @OLD_CHARACTER_SET_CLIENT=@@CHARACTER_SET_CLIENT */;
/*!40101 SET @OLD_CHARACTER_SET_RESULTS=@@CHARACTER_SET_RESULTS */;
/*!40101 SET @OLD_COLLATION_CONNECTION=@@COLLATION_CONNECTION */;
 SET NAMES utf8 ;
/*!40103 SET @OLD_TIME_ZONE=@@TIME_ZONE */;
/*!40103 SET TIME_ZONE='+00:00' */;
/*!40014 SET @OLD_UNIQUE_CHECKS=@@UNIQUE_CHECKS, UNIQUE_CHECKS=0 */;
/*!40014 SET @OLD_FOREIGN_KEY_CHECKS=@@FOREIGN_KEY_CHECKS, FOREIGN_KEY_CHECKS=0 */;
/*!40101 SET @OLD_SQL_MODE=@@SQL_MODE, SQL_MODE='NO_AUTO_VALUE_ON_ZERO' */;
/*!40111 SET @OLD_SQL_NOTES=@@SQL_NOTES, SQL_NOTES=0 */;

--
-- Table structure for table `coordenadas_deportivo`
--

DROP TABLE IF EXISTS `coordenadas_deportivo`;
/*!40101 SET @saved_cs_client     = @@character_set_client */;
 SET character_set_client = utf8mb4 ;
CREATE TABLE `coordenadas_deportivo` (
  `id_zona` int(11) NOT NULL,
  `nombre_zona` varchar(80) DEFAULT NULL,
  `esquina1_latitud` double DEFAULT NULL,
  `esquina1_longitud` double DEFAULT NULL,
  `esquina2_latitud` double DEFAULT NULL,
  `esquina2_longitud` double DEFAULT NULL,
  `esquina3_latitud` double DEFAULT NULL,
  `esquina3_longitud` double DEFAULT NULL,
  `esquina4_latitud` double DEFAULT NULL,
  `esquina4_longitud` double DEFAULT NULL,
  `punto_central_latitud` double DEFAULT NULL,
  `punto_central_longitud` double DEFAULT NULL,
  `ruta_imagen` varchar(100) DEFAULT NULL,
  `ruta_imagen360` varchar(100) DEFAULT NULL,
  PRIMARY KEY (`id_zona`)
) ENGINE=InnoDB DEFAULT CHARSET=utf8;
/*!40101 SET character_set_client = @saved_cs_client */;

--
-- Dumping data for table `coordenadas_deportivo`
--

LOCK TABLES `coordenadas_deportivo` WRITE;
/*!40000 ALTER TABLE `coordenadas_deportivo` DISABLE KEYS */;
INSERT INTO `coordenadas_deportivo` VALUES (1,'Estadio',17.080928,-96.747114,17.080963,-96.745986,17.079897,-96.745943,17.079818,-96.747006,17.0804,-96.746472,'img/unidad_deportiva/Estadio.jpg','img360/Estadio.jpg'),(2,'Pelota mixteca',17.080666,-96.745651,17.08067,-96.745492,17.079788,-96.74542,17.079779,-96.745612,17.080221,-96.745536,'img/unidad_deportiva/Pelota_mixteca.jpg','img360/Pelota_mixteca.jpg'),(3,'Bagón',17.080588,-96.745376,17.080442,-96.745363,17.080445,-96.745347,17.080588,-96.745354,17.080514,-96.745359,'img/unidad_deportiva/Bagon.jpg','SIN ESPECIFICAR'),(4,'Cancha de Fútbol',17.081287,-96.745086,17.081292,-96.744451,17.080005,-96.744396,17.079942,-96.745023,17.080616,-96.744716,'img/unidad_deportiva/Cancha_de_Futbol.jpg','img360/Cancha_futbol.jpg'),(5,'Pista de Atletismo',17.081369,-96.745189,17.081429,-96.744365,17.079926,-96.744276,17.07981,-96.745119,17.08058,-96.745126,'img/unidad_deportiva/Cancha_de_Futbol.jpg','SIN ESPECIFICAR'),(6,'Baños y oficinas',17.080964,-96.745574,17.08089,-96.745567,17.080899,-96.745326,17.080978,-96.745328,17.08093,-96.745443,'img/unidad_deportiva/Baños_y_oficinas.jpg','SIN ESPECIFICAR'),(7,'Estadio de Béisbol',17.081865,-96.746157,17.081145,-96.745446,17.081932,-96.74478,17.082445,-96.745491,17.081968,-96.745489,'img/unidad_deportiva/Estadio_de_Beisbol.jpg','img360/Beisbol.jpg'),(8,'Cancha principal de básquetbol',17.081756,-96.744826,17.081483,-96.744816,17.08149,-96.744655,17.081754,-96.744665,17.081623,-96.744743,'img/unidad_deportiva/Cancha_principal_de_basquetbol.jpg','img360/Cancha_bprincipal.jpg'),(9,'Alberca de natación y clavados',17.081828,-96.746484,17.08183,-96.746277,17.081362,-96.746256,17.081351,-96.74643,17.081561,-96.746371,'img/unidad_deportiva/Alberca_de_natacion.jpg','img360/Alberca.jpg'),(10,'Cancha de fútbol rápido',17.081806,-96.746746,17.081386,-96.74673,17.081403,-96.746562,17.081819,-96.746583,17.081591,-96.74664,'img/unidad_deportiva/Cancha_de_futbol_rapido.jpg','img360/Futbol_rapido.jpg'),(11,'Estacionamiento trasero',17.081419,-96.747608,17.081206,-96.747356,17.080488,-96.7473,17.081253,-96.747966,17.080904,-96.74753,' img/logo_tec.png','SIN ESPECIFICAR'),(12,'Estacionamiento principal',17.079284,-96.745663,17.07972,-96.746138,17.079606,-96.746932,17.078859,-96.746601,17.079284,-96.746402,' img/logo_tec.png','SIN ESPECIFICAR'),(13,'Cancha de básquetbol #1',17.081744,-96.746937,17.081753,-96.746787,17.081493,-96.746773,17.081493,-96.746942,17.081634,-96.746853,'img/unidad_deportiva/Canchas_secundarias.jpg','img360/Cancha_b1.jpg'),(14,'Cancha de básquetbol #2',17.081657,-96.747122,17.08166,-96.74697,17.0814,-96.746952,17.081393,-96.747117,17.08153,-96.747027,'img/unidad_deportiva/Canchas_secundarias.jpg','img360/Cancha_b2.jpg'),(15,'Cancha de básquetbol #3',17.081578,-96.747291,17.081593,-96.747154,17.081329,-96.747144,17.081327,-96.747285,17.081449,-96.747208,'img/unidad_deportiva/Canchas_secundarias.jpg','img360/Cancha_b3.jpg'),(16,'Chapulin',17.079566,-96.745275,17.079565,-96.745235,17.07954,-96.745235,17.079544,-96.745264,17.079551,-96.745247,'img/unidad_deportiva/chapulin.jpg','SIN ESPECIFICAR');
/*!40000 ALTER TABLE `coordenadas_deportivo` ENABLE KEYS */;
UNLOCK TABLES;

--
-- Table structure for table `coordenadas_edificio`
--

DROP TABLE IF EXISTS `coordenadas_edificio`;
/*!40101 SET @saved_cs_client     = @@character_set_client */;
 SET character_set_client = utf8mb4 ;
CREATE TABLE `coordenadas_edificio` (
  `id_edificio` int(11) NOT NULL,
  `nombre_edificio` varchar(100) DEFAULT NULL,
  `esquina1_latitud` double DEFAULT NULL,
  `esquina1_longitud` double DEFAULT NULL,
  `esquina2_latitud` double DEFAULT NULL,
  `esquina2_longitud` double DEFAULT NULL,
  `esquina3_latitud` double DEFAULT NULL,
  `esquina3_longitud` double DEFAULT NULL,
  `esquina4_latitud` double DEFAULT NULL,
  `esquina4_longitud` double DEFAULT NULL,
  `punto_central_latitud` double DEFAULT NULL,
  `punto_central_longitud` double DEFAULT NULL,
  `ruta_imagen` varchar(150) DEFAULT NULL,
  PRIMARY KEY (`id_edificio`)
) ENGINE=InnoDB DEFAULT CHARSET=utf8;
/*!40101 SET character_set_client = @saved_cs_client */;

--
-- Dumping data for table `coordenadas_edificio`
--

LOCK TABLES `coordenadas_edificio` WRITE;
/*!40000 ALTER TABLE `coordenadas_edificio` DISABLE KEYS */;
INSERT INTO `coordenadas_edificio` VALUES (1,'Entrada edificio I',17.075554,-96.744836,17.075636,-96.744877,17.075673,-96.744817,17.075584,-96.744764,17.075677,-96.744777,'img/logo_tec.png'),(2,'Entrada principal',17.078463,-96.746506,17.078349,-96.746447,17.078447,-96.746232,17.078563,-96.746305,17.078466,-96.746397,'img/logo_tec.png'),(3,'Entrada lateral SAGARPA',17.076296,-96.743222,17.076328,-96.743168,17.076351,-96.743179,17.076338,-96.743233,17.07633,-96.743218,'img/logo_tec.png'),(4,'Entrada parada ITO',17.079361,-96.743398,17.079435,-96.743426,17.079336,-96.743433,17.079238,-96.74338,17.079402,-96.743415,'img/logo_tec.png'),(5,'Entrada lateral estadio',17.079588,-96.744449,17.07957,-96.744367,17.079521,-96.744415,17.079545,-96.744519,17.07957,-96.744485,'img/logo_tec.png'),(6,'Audiovisual de licenciatura',17.0765,-96.744498,17.076607,-96.744771,17.076513,-96.7448,17.076402,-96.744501,17.076498,-96.744636,'img/logo_tec.png'),(7,'Explanada',17.07712,-96.74501,17.076946,-96.744361,17.077467,-96.744171,17.077681,-96.744832,17.077313,-96.744737,'img/logo_tec.png'),(8,'Escudo',17.077583,-96.744782,17.077504,-96.744541,17.077428,-96.744557,17.077505,-96.744809,17.077503,-96.744666,'img/logo_tec.png'),(9,'Edificio I',17.0762,-96.744936,17.076293,-96.744761,17.075959,-96.744549,17.075854,-96.744741,17.076094,-96.744758,'img/Edificio_i.jpg'),(10,'Edificio en construcción',17.078015,-96.744354,17.077882,-96.743834,17.078173,-96.743758,17.078315,-96.74426,17.078126,-96.744046,'img/logo_tec.png'),(11,'Centro de información',17.077497,-96.744079,17.077881,-96.74397,17.077981,-96.744267,17.077595,-96.744386,17.077747,-96.744175,'img/Centro_de_informacion.jpg'),(12,'Gimnasio',17.077456,-96.743893,17.077382,-96.743594,17.077816,-96.743448,17.077922,-96.74376,17.077693,-96.74366,'img/Gimnasio.jpg'),(13,'Edificio S',17.076245,-96.743725,17.076217,-96.743649,17.076439,-96.743578,17.076458,-96.743655,17.076336,-96.743651,'img/Edificio_S.jpg'),(14,'Departamente de Ciencias Básicas',17.076871,-96.744404,17.076956,-96.744388,17.077027,-96.744662,17.076941,-96.744689,17.076955,-96.744537,'img/Departamento_de_ciencias_basicas.jpg'),(15,'Grupo Representativo de Ingeniería en Sistemas',17.076609,-96.74446,17.076705,-96.744422,17.076736,-96.744509,17.076625,-96.744538,17.076673,-96.744498,'img/GRIS.jpg'),(16,'H. CEGRITO',17.076737,-96.744515,17.076627,-96.744547,17.076656,-96.744633,17.076761,-96.744603,17.076711,-96.744615,'img/H_CEGRITO.jpg'),(17,'Edificio H',17.076764,-96.744612,17.076662,-96.744647,17.07669,-96.744738,17.076799,-96.744709,17.076727,-96.744668,'img/logo_tec.png'),(18,'Servicio médico',17.076796,-96.744718,17.076693,-96.744748,17.076704,-96.744827,17.076823,-96.744792,17.07678,-96.744764,'img/Servicio_medico.jpg'),(19,'Audiovisual de ingeniería',17.078208,-96.745852,17.078314,-96.745813,17.078361,-96.745967,17.078256,-96.746,17.078287,-96.745895,'img/Audiovisual_de_ingenieria.jpg'),(20,'Baños audiovisual ingeniería',17.078295,-96.745756,17.078188,-96.745789,17.078161,-96.745706,17.078268,-96.745673,17.078225,-96.745731,'img/logo_tec.png'),(21,'Explana monumento',17.078019,-96.745395,17.078251,-96.745315,17.078316,-96.745558,17.078069,-96.745628,17.078166,-96.745482,'img/logo_tec.png'),(22,'Edificio A',17.07843,-96.745828,17.078541,-96.745792,17.078432,-96.745466,17.078328,-96.745493,17.078428,-96.745632,'img/Edificio_A.jpg'),(23,'Educación a distancia',17.078527,-96.745237,17.078469,-96.745028,17.078839,-96.744902,17.078905,-96.745112,17.078683,-96.745067,'img/Maestria_en_docencia2.jpg'),(24,'Departamento de ingeniería eléctrica',17.078649,-96.745404,17.07887,-96.74533,17.078834,-96.745207,17.078613,-96.745276,17.078745,-96.7453,'img/logo_tec.png'),(25,'Departamento de servicios generales',17.078826,-96.745204,17.07891,-96.745455,17.078686,-96.745528,17.078649,-96.745409,17.078778,-96.745429,'img/Servicios_generales.jpg'),(26,'Titulación e inglés',17.078051,-96.745243,17.078278,-96.745181,17.078307,-96.745294,17.078084,-96.745371,17.078192,-96.745279,'img/Sala_de_titulacion.jpg'),(27,'Baños titulación',17.07833,-96.745286,17.078291,-96.745175,17.078388,-96.745136,17.078427,-96.745256,17.078332,-96.745219,'img/logo_tec.png'),(28,'Edificio B',17.078052,-96.745107,17.077928,-96.744733,17.078042,-96.744697,17.078157,-96.745075,17.078036,-96.744868,'img/Edificio_B.jpg'),(29,'Edificio C',17.07818,-96.744645,17.078285,-96.744606,17.078402,-96.744985,17.078297,-96.745028,17.07829,-96.744798,'img/Edificio_C.jpg'),(30,'Cafetería',17.077146,-96.743971,17.07734,-96.743906,17.077381,-96.744087,17.077206,-96.744153,17.077269,-96.744026,'img/Cafeteria.jpg'),(31,'Edificio E',17.076895,-96.743961,17.076998,-96.743925,17.077109,-96.74426,17.077,-96.744288,17.077001,-96.744102,'img/Edificio_E.jpg'),(32,'Edificio F',17.076596,-96.74393,17.076699,-96.74389,17.076821,-96.744248,17.076717,-96.744287,17.076705,-96.744073,'img/Edificio_F.jpg'),(33,'Edificio G',17.076465,-96.743968,17.076579,-96.744309,17.076461,-96.744335,17.076358,-96.744018,17.076474,-96.744161,'img/Edificio_G.jpg'),(34,'Centro de cómputo',17.078951,-96.744244,17.079191,-96.744159,17.079276,-96.744412,17.079018,-96.744493,17.079119,-96.744322,'img/Centro_de_computo.jpg'),(35,'Posgrado',17.078954,-96.743646,17.079093,-96.743605,17.079027,-96.743376,17.078887,-96.743418,17.078988,-96.743508,'img/Division_de_estudios_de_posgrado.jpg'),(36,'Departamento de Ingeniería Electrónica',17.078633,-96.743907,17.078859,-96.74383,17.078783,-96.743607,17.07857,-96.743686,17.078714,-96.743758,'img/Departamento_de_ingenieria_electronica.jpg'),(37,'Laboratorio de ingeniería civil',17.07858,-96.744355,17.078506,-96.74411,17.07872,-96.744042,17.078797,-96.744283,17.078666,-96.744232,'img/Laboratorio_de_ingenieria_civil.jpg'),(38,'Departamento de ciencias de la Tierra',17.078484,-96.744268,17.078437,-96.744116,17.078327,-96.744144,17.078372,-96.744295,17.078408,-96.744214,'img/Departamento_de_ciencias_de_la_tierra.jpg'),(39,'Aula N',17.078641,-96.744055,17.078621,-96.743993,17.078704,-96.743965,17.07872,-96.744038,17.078676,-96.744022,'img/logo_tec.png'),(40,'Laboratorio de ingeniería química',17.07863,-96.744507,17.078709,-96.744761,17.078554,-96.744816,17.078475,-96.744562,17.078598,-96.744661,'img/Laboratorio_de_ingenieria_quimica.jpg'),(41,'Laboratorio de ingeniería mecánica',17.078648,-96.744494,17.07874,-96.744749,17.078881,-96.744702,17.078799,-96.744445,17.078751,-96.744612,'img/Laboratorio_de_ingenieria_mecanica.jpg'),(42,'Departamento de Química y bioquímica',17.079379,-96.744069,17.079572,-96.744007,17.079481,-96.743727,17.079296,-96.743784,17.079469,-96.743896,'img/Departamento_de_ingenieria_quimica_y_bioquimica 2.jpg'),(43,'Edificio D',17.077147,-96.743763,17.077084,-96.74352,17.077192,-96.743489,17.077273,-96.743727,17.077191,-96.743626,'img/Edificio_D.jpg'),(44,'Laboratorio de ingeniería eléctrica',17.078891,-96.744871,17.079089,-96.744818,17.07917,-96.745058,17.078974,-96.745122,17.079028,-96.744964,'img/Laboratorio_de_ingenieria_electrica.jpg'),(45,'Grupo representativo de ingeniería industrial',17.079014,-96.744704,17.078998,-96.744635,17.079108,-96.744596,17.07914,-96.74466,17.079087,-96.744652,'img/Grupo_representativo_de_ingenieria_industrial.jpg'),(46,'Grupo representativo de ingeniería eléctrica',17.079166,-96.744728,17.079285,-96.744689,17.079333,-96.744835,17.079206,-96.744879,17.079247,-96.744795,'img/logo_tec.png'),(47,'División de estudios profesionales y departamento de servicios esolares',17.077533,-96.744929,17.077708,-96.744864,17.077805,-96.74516,17.07763,-96.745231,17.077667,-96.745043,'img/Departamento_de_servicios_escolares.jpg'),(48,'Dirección y planeación',17.077454,-96.744952,17.077559,-96.74526,17.077383,-96.745313,17.077282,-96.745017,17.077423,-96.745133,'img/IMG_2711.jpg'),(49,'Estacionamiento lado SAGARPA',17.075653,-96.744915,17.075755,-96.744715,17.078609,-96.746387,17.078542,-96.746527,17.076917,-96.745502,'img/logo_tec.png'),(50,'Estacionamiento extensión',17.077313,-96.745623,17.07631,-96.745022,17.0768,-96.744863,17.077292,-96.745376,17.076968,-96.7453,'img/logo_tec.png'),(51,'Edificio J',17.076274,-96.744676,17.076162,-96.744324,17.07627,-96.744291,17.076374,-96.744631,17.076261,-96.744469,'img/Edificio_J2.jpg'),(52,'Departamento de ingeniería industrial',17.076725,-96.743671,17.076617,-96.743332,17.076829,-96.743253,17.076947,-96.743601,17.076771,-96.743469,'img/Laboratorio_de_ingenieria_industrial.jpg'),(53,'Aula K',17.076278,-96.743863,17.076246,-96.743756,17.076388,-96.743709,17.076417,-96.743816,17.076329,-96.743787,'img/Edificio_K.jpg'),(54,'Departamento de maestría',17.076382,-96.743711,17.076415,-96.743812,17.076511,-96.743788,17.076484,-96.74368,17.07646,-96.743744,'img/Edificio_K.jpg'),(55,'Baños edificio K',17.07657,-96.743767,17.076535,-96.743658,17.076588,-96.743637,17.076627,-96.743751,17.076578,-96.743705,'img/Edificio_K.jpg'),(56,'Aulas O',17.078172,-96.74334,17.078152,-96.743258,17.078042,-96.743287,17.078076,-96.743371,17.078104,-96.743312,'img/Aulas_O.jpg'),(57,'Aulas P',17.078056,-96.743381,17.078004,-96.743227,17.0779,-96.74326,17.07795,-96.743408,17.077976,-96.743321,'img/Edificio_p.jpg'),(58,'Almacen',17.076722,-96.743673,17.076621,-96.74333,17.076831,-96.743257,17.076952,-96.743604,17.076772,-96.743467,'img/Almacen.jpg'),(59,'Cubículos de maestros',17.077679,-96.744656,17.077633,-96.744491,17.07775,-96.744464,17.077801,-96.744619,17.077717,-96.744557,'img/Cubiculos_maestros_c.jpg'),(60,'Aula AM',17.077893,-96.745538,17.077995,-96.745522,17.077982,-96.745477,17.077875,-96.745501,17.077929,-96.745501,'img/Aula_AM.jpg'),(61,'Desarrollo académico',17.07787,-96.745485,17.077836,-96.745367,17.077934,-96.745335,17.077972,-96.745431,17.077898,-96.74541,'img/Desarrollo_academico.jpg'),(62,'División de estudios de posgrado e investigación',17.079006,-96.743795,17.079119,-96.743771,17.0792,-96.744017,17.079085,-96.744062,17.07909,-96.743873,'img/Division_de_estudios_de_posgrado_e_investigacion.jpg'),(63,'Aula Ñ',17.079278,-96.74364,17.079331,-96.743634,17.079352,-96.743712,17.079288,-96.743731,17.079311,-96.743688,'img/Aula_ñ.jpg'),(64,'Laboratorio de fisicoquímica',17.077956,-96.744571,17.07791,-96.744451,17.078302,-96.744328,17.078346,-96.744441,17.078133,-96.744446,'img/Departamento_de_ingenieria_quimica_y_bioquimica.jpg'),(65,'Laboratorio de simulación de ingeniería industrial',17.076145,-96.744273,17.07612,-96.744132,17.076201,-96.744116,17.07624,-96.744241,17.076176,-96.744182,'img/Laboratorio_de_simulacion.jpg'),(66,'SUM',17.077914,-96.745602,17.078006,-96.745573,17.078055,-96.745691,17.077942,-96.745724,17.077978,-96.745636,'img/SUM.jpg');
/*!40000 ALTER TABLE `coordenadas_edificio` ENABLE KEYS */;
UNLOCK TABLES;

--
-- Table structure for table `zonas`
--

DROP TABLE IF EXISTS `zonas`;
/*!40101 SET @saved_cs_client     = @@character_set_client */;
 SET character_set_client = utf8mb4 ;
CREATE TABLE `zonas` (
  `id_zona` int(11) NOT NULL,
  `nombre_zona` varchar(70) DEFAULT 'Sin Especificar',
  `jefe_zona_departamento` varchar(45) DEFAULT 'Sin especificar',
  `horario` varchar(15) DEFAULT 'Sin especificar',
  `numero_pisos` varchar(15) DEFAULT 'Sin Especificar',
  `numero_aulas` varchar(15) DEFAULT 'Sin especificar',
  `numero_cubiculos` varchar(15) DEFAULT 'Sin Especificar',
  `numero_policias` int(11) DEFAULT '0',
  `dias_habiles` varchar(45) DEFAULT 'Sin Especificar',
  `ruta_img_1er_piso` varchar(400) DEFAULT 'Sin Especificar',
  `ruta_img_2do_piso` varchar(400) DEFAULT 'Sin Especificar',
  `info_extra` text,
  PRIMARY KEY (`id_zona`)
) ENGINE=InnoDB DEFAULT CHARSET=utf8;
/*!40101 SET character_set_client = @saved_cs_client */;

--
-- Dumping data for table `zonas`
--

LOCK TABLES `zonas` WRITE;
/*!40000 ALTER TABLE `zonas` DISABLE KEYS */;
INSERT INTO `zonas` VALUES (1,'Entrada parada ITO','Sin especificar','6:00 a 21:00','1','   ','   ',2,'lunes - viernes',' SIN ESPECIFICAR','SIN ESPECIFICAR','Policias Cambian cada 24 horas'),(2,'Aula Ñ','Sin especificar',' ','0','   ','   ',0,'lunes - viernes','https://www.google.com/maps/@17.0792053,-96.7438762,3a,15y,26.47h,90.58t/data=!3m7!1e1!3m5!1sAF1QipOSHt5cebDm96bpXOSJdUtVsU33tqwzlfZVF6SF!2e10!3e12!7i13824!8i2038','SIN ESPECIFICAR','Titulación y posgrado'),(3,'Bancas(Aula Ñ)','Sin especificar',' ','0','   ','   ',0,'lunes - viernes','SIN ESPECIFICAR','SIN ESPECIFICAR','3 mesas y Techado'),(4,'Departamento de Química y bioquímica','Dr Felix Cordoba','6:00 a 18:00','2','   ','   ',0,'lunes - viernes','https://www.google.com/maps/@17.0793159,-96.7439345,0a,75y,216.48h,90.14t/data=!3m4!1e1!3m2!1sAF1QipMtFIkDkUcJtGN4ztCwGgG7zC02sMk46mrgHTaK!2e10','https://www.google.com/maps/@17.0793041,-96.743886,0a,75y,67.56h,88.64t/data=!3m4!1e1!3m2!1sAF1QipNlprZNCpmhk3eRMoc4KL-G5j3Mbc2Cn02CX1lW!2e10','1 Baño'),(5,'Departamento de ingeniería industrial','Sin especificar','6:00 a 18:00','2','   ','   ',0,'lunes - viernes','img/360/Dpto industrial.jpg','SIN ESPECIFICAR','c. Jorge Vera Jimenez Proyectos'),(6,'Centro de información','Maestra Noemi','11:00 a 13:00','1','   ','   ',0,'lunes - viernes','img/360/Centro_informacion.jpg','SIN ESPECIFICAR',' '),(7,'Entrada principal','Sin especificar','6:00 a 21:00','0','   ','   ',2,'lunes - viernes','SIN ESPECIFICAR','SIN ESPECIFICAR',' '),(8,'Estacionamiento extensión','Sin especificar',' ','0','   ','   ',0,'lunes - viernes','img/360/Estacionamiento_extendido.jpg','SIN ESPECIFICAR','Aproximadamente 25 carros'),(9,'División de estudios de posgrado e investigación','Dr. Julio Cesar Torres Valdez',' ','0','   ','7',0,'lunes - viernes','https://www.google.com/maps/@17.0791901,-96.7439484,0a,75y,104.03h,88.31t/data=!3m4!1e1!3m2!1sAF1QipNgV_hS6cXF-LYUrk4Qrw3z7uwsgqdkr0wHMgTT!2e10','SIN ESPECIFICAR',' '),(10,'Centro de cómputo','Ing. Caldera Ramos',' ','2','   ','   ',0,'lunes - viernes','https://www.google.com/maps/@17.0792314,-96.7443629,3a,75y,339.36h,89.75t/data=!3m7!1e1!3m5!1sAF1QipN1XBT0U_MUcSsh2aZwfxZatxmoHzTbyBuOxj0i!2e10!3e12!7i14336!8i2192','img/360/CC_PA.JPG','2 Baños, Oficina de Credencializacion, Area de estudio postgrado, Laboratorio de Computo, Cubiculos, usuarios 4(22 computadoras), usuarios 3 (39 comp), usuarios 2 (24 comp) , usuarios 1(40 comp), salida trasera'),(11,'Laboratorio de simulación de ingeniería industrial','Grupo Representativo de Industrial',' ','0','   ','   ',0,'lunes - viernes','SIN ESPECIFICAR','SIN ESPECIFICAR','cuenta con 19 computadoras'),(12,'Laboratorio de ingeniería eléctrica','Sin especificar','7:00 a 21:00','2','   ','   ',0,'lunes - viernes','img/360/Lab_electrica.jpg','SIN ESPECIFICAR',' '),(13,'Recursos materiales y de Servicio','Sin especificar','7:00 a 15:00','2','   ','   ',0,'lunes - viernes','https://www.google.com/maps/@17.0791535,-96.7443777,0a,75y,27.48h,90.35t/data=!3m4!1e1!3m2!1sAF1QipOQG41sYZQum6qwbGdqjVKIOb1WF6BAnBGIR6fC!2e10','SIN ESPECIFICAR','Solo mantenimiento de la escuela, plomeria, herreria, carpinteria'),(14,'Departamento de ingeniería eléctrica','Pedro Argel Ramirez Hernandez','6:00 a 14:00','1','   ','17',0,'lunes - viernes','SIN ESPECIFICAR','SIN ESPECIFICAR',' '),(15,'Maestria en construccion','Sin especificar',' ','0','   ','7',0,'lunes - viernes','SIN ESPECIFICAR','SIN ESPECIFICAR','Sin horario y jefe'),(16,'Conacyt','Sin especificar','7:00 a 17:00','0','   ','7',0,'lunes - viernes','SIN ESPECIFICAR','SIN ESPECIFICAR','Edificio de Cátedras'),(17,'Departamento de Ingeniería Electrónica','Sin especificar',' ','2','   ','9',0,'lunes - viernes','SIN ESPECIFICAR','SIN ESPECIFICAR','Laboratori de electronica Analogica Laboratorio de telecomunicaciones etc.'),(18,'Laboratorio de ingeniería civil','Ing Jesus Porras Mariscal',' ','0','   ',' LC2 ',0,'lunes - viernes','https://www.google.com/maps/@17.0785345,-96.7442651,0a,75y,103.68h,90.1t/data=!3m4!1e1!3m2!1sAF1QipNT8QdY2YKtTOgEN0RCd_pxprBR25sF4P2FgQIU!2e10','SIN ESPECIFICAR','Cuarto humedo 2 y 1 ademas de la Jefatura'),(19,'Laboratorio de ingeniería mecánica','Sin especificar',' ','2','   ','9',0,'lunes - viernes','SIN ESPECIFICAR','SIN ESPECIFICAR',' '),(20,'Laboratorio de ingeniería química','Sin especificar',' ','2','   ','   ',0,'lunes - viernes','https://www.google.com/maps/@17.0785622,-96.7446904,0a,75y,284.28h,88.18t/data=!3m4!1e1!3m2!1sAF1QipORzRleCfdZdot9YxwYm7EVPjIbZO33OiT-Ewb_!2e10','SIN ESPECIFICAR','Extractores, regaderas, modulos de transporte de fluidos y calor, torre de absorcion, reactor quimico en fase liquida'),(21,'Departamento de ciencias de la Tierra','Mtro. Luis Alberto Martinez Santiago',' ','0','   ','19',0,'lunes - viernes','https://www.google.com/maps/@17.0784138,-96.7446699,0a,75y,287.52h,87.61t/data=!3m4!1e1!3m2!1sAF1QipOcVkXmveOLuVbYk163QUqv-HzvRDBLTDalm88i!2e10','SIN ESPECIFICAR','Cubiculos 12 afuera y 7 adentro'),(22,'Educación a distancia','Sin especificar',' ','0','   ','4',0,'lunes - viernes','SIN ESPECIFICAR','SIN ESPECIFICAR','Aula de videoconferencias y mixta de posgrado, division de estudios de posgrado e investigacion,2 baños , laboratorio de tribologia, 6 escritorios'),(23,'Titulación e inglés','Sin especificar','9:00 a 13:00','1','   ',' DIB ',0,'lunes - viernes','SIN ESPECIFICAR','SIN ESPECIFICAR','Puerta 1: Coordinación de inglés. Puerta 2: Trámite. Puerta 3: Sala de titulación.'),(24,'Edificio C','Sin especificar',' ','0','9','   ',0,'lunes - viernes','SIN ESPECIFICAR','SIN ESPECIFICAR','Quimica'),(25,'Edificio B','Sin especificar',' ','0','9','   ',0,'lunes - viernes','SIN ESPECIFICAR','SIN ESPECIFICAR','Civil'),(26,'Laboratorio de fisicoquímica','Sin especificar','7:00 a 20:00','1','   ','   ',0,'lunes - viernes','SIN ESPECIFICAR','SIN ESPECIFICAR','Lab de físicoQuimica, oficina de CMLL, lab cualitativo(1), lab cuantitativo (3)'),(27,'Edificio A','Sin especificar',' ','0','8','   ',0,'lunes - viernes','SIN ESPECIFICAR','SIN ESPECIFICAR','Electronica y Electrica'),(28,'Seccion 61','Sin especificar',' ','1',' D-V-70 ','2',0,'lunes - viernes','SIN ESPECIFICAR','SIN ESPECIFICAR','SNTE'),(29,'Audiovisual de ingeniería','Sin especificar',' ','0','   ','   ',0,'lunes - viernes','SIN ESPECIFICAR','SIN ESPECIFICAR','2 baños, 1 oficina, audiovisual'),(30,'Desarrollo académico','Sin especificar','7:00 a 20:00','0','   ','7',0,'lunes - viernes','SIN ESPECIFICAR','SIN ESPECIFICAR','Orientacion Academica'),(31,'Cubículos de maestros C','Sin especificar',' ','0','   ','8',0,'lunes - viernes','SIN ESPECIFICAR','SIN ESPECIFICAR',' '),(32,'Entrada lateral SAGARPA','Sin especificar','7:00 a 21:30','0','   ','   ',0,'lunes - viernes','img/360/Entrada_SAGARPA.jpg','SIN ESPECIFICAR','4 policías medio turno. Rotación de policías cada 8 horas'),(33,'Edificio D','Sin especificar',' ','1','4','   ',0,'lunes - viernes','SIN ESPECIFICAR','SIN ESPECIFICAR','4 Bancas '),(34,'Gimnasio','Sin especificar',' ','0','   ','   ',0,'lunes - viernes','img/360/Gimansio.jpg','SIN ESPECIFICAR','2 baños y vestidores'),(35,'Copias','Sin especificar','6:45 a 19:30','0','   ','   ',0,'lunes - sabado','SIN ESPECIFICAR','SIN ESPECIFICAR','5 computadoras y los sabados su horario es de 9 a 1pm'),(36,'Cafetería','Sin especificar',' ','0','   ','   ',0,'lunes - sabado','SIN ESPECIFICAR','SIN ESPECIFICAR','4 cajas dos baños'),(37,'Edificio E','Sin especificar',' ','0','8','   ',0,'lunes - viernes','img/360/Edificio_E_PB.JPG','img/360/Edificio_E_PA.JPG','Industrial'),(38,'Edificio F','Sin especificar',' ','0','9','   ',0,'lunes - viernes','img/360/Edificio_F_PB.JPG','img/360/Edificio_F_PA.JPG','Lic Administracion, aula 9 academia de ciencias basicas, taller de lectura'),(39,'Edificio G ','Sin especificar',' ','0','4','   ',0,'lunes - viernes','img/360/Edificio_G.JPG','SIN ESPECIFICAR','Lic. Administracion y gestion empresarial'),(40,'Aula K','Sin especificar',' ','0','   ','   ',0,'lunes - viernes','img/360/Edificio_K.jpg','SIN ESPECIFICAR','Aula k1, 2 baños, 1 oficina'),(41,'Edificio S','Sin especificar',' ','0','4','8',0,'lunes - viernes','img/360/Aulas_S.JPG','SIN ESPECIFICAR','Civil y administracion'),(42,'Sala de Titulacion de la maestrría en Administracion','Sin especificar',' ','1','2','   ',0,'lunes - viernes','SIN ESPECIFICAR','SIN ESPECIFICAR','Aula José Vasconelos, Aula Ramírez Ahumada'),(43,'Dpt. Ciencias economicas administrativas','Sin especificar',' ','0','2','   ',0,'lunes - viernes','SIN ESPECIFICAR','SIN ESPECIFICAR','Aula de turismo cocina de turismo, Jefatura de Docencia(Corrdinacion)'),(44,'Edificio J','Delegacion Sindical D-II-11',' ','0','   ','   ',0,'lunes - viernes','SIN ESPECIFICAR','SIN ESPECIFICAR','7 Audiovisuales, 2 baños y secreatria particular'),(45,'Edificio H','GRIS',' ','0','2','   ',0,'lunes - viernes','img/360/Edificio_H.JPG','SIN ESPECIFICAR','Servicio Medico'),(46,'Departamento de Ciencias Básicas','MC. Huitzillí Díaz Jaimes','8:00-19:00','0','   ','13',0,'lunes - viernes','img/360/Ciencias_basicas.JPG','SIN ESPECIFICAR','Inicio edificio: GRAGE (Grupo representativo de administración y gestión empresarial.)'),(47,'Departamento de ingeniería industrial','Sin especificar','7:00 20:00','0','1','6',0,'lunes - viernes','SIN ESPECIFICAR','SIN ESPECIFICAR','Area de metodos, CIM 1 almacen'),(48,'Departamento de servicios generales','Sin especificar',' ','0','   ','   ',0,'lunes - viernes','SIN ESPECIFICAR','SIN ESPECIFICAR',' '),(49,'Edificio I','MC. Marisol Altamirano Cabrera','7:00-21:00','2','14','13',0,'lunes - viernes','img/360/Edificio_I_PB.JPG','img/360/Edificio_I_PA.JPG','Planta alta: Departamento de ingeniería en sistemas. Sala de juntas. 2 Baños para maestros (1 damas y 1 caballeros). 5 aulas. 2 baños alumnado. Planta baja: 9 aulas. 2 baños alumnado.');
/*!40000 ALTER TABLE `zonas` ENABLE KEYS */;
UNLOCK TABLES;
/*!40103 SET TIME_ZONE=@OLD_TIME_ZONE */;

/*!40101 SET SQL_MODE=@OLD_SQL_MODE */;
/*!40014 SET FOREIGN_KEY_CHECKS=@OLD_FOREIGN_KEY_CHECKS */;
/*!40014 SET UNIQUE_CHECKS=@OLD_UNIQUE_CHECKS */;
/*!40101 SET CHARACTER_SET_CLIENT=@OLD_CHARACTER_SET_CLIENT */;
/*!40101 SET CHARACTER_SET_RESULTS=@OLD_CHARACTER_SET_RESULTS */;
/*!40101 SET COLLATION_CONNECTION=@OLD_COLLATION_CONNECTION */;
/*!40111 SET SQL_NOTES=@OLD_SQL_NOTES */;

-- Dump completed on 2018-10-30 15:43:10
